{"cameraMode":{"drawMode":0,"name":"Shaded","section":"Shading Mode"},"sceneLighting":false,"audioPlay":false,"sceneViewState":{"showFog":true,"showMaterialUpdate":false,"showSkybox":false,"showFlares":true,"showImageEffects":true,"showParticleSystems":true},"in2DMode":false,"pivot":{"x":15.925125122070313,"y":1.44454824924469,"z":15.615140914916993},"rotation":{"x":-0.14093390107154847,"y":0.7254573106765747,"z":-0.1559964418411255,"w":-0.6553874015808106},"size":4.041658401489258,"orthographic":false}