{"cameraMode":{"drawMode":0,"name":"Shaded","section":"Shading Mode"},"sceneLighting":true,"audioPlay":false,"sceneViewState":{"showFog":true,"showMaterialUpdate":false,"showSkybox":true,"showFlares":true,"showImageEffects":true,"showParticleSystems":true},"in2DMode":false,"pivot":{"x":39.42796325683594,"y":18.75953483581543,"z":182.0726776123047},"rotation":{"x":0.06823045015335083,"y":-0.11079952120780945,"z":-0.0075674960389733318,"w":-0.9916244745254517},"size":22.0,"orthographic":false}