{"cameraMode":{"drawMode":0,"name":"Shaded","section":"Shading Mode"},"sceneLighting":false,"audioPlay":false,"sceneViewState":{"showFog":true,"showMaterialUpdate":false,"showSkybox":false,"showFlares":true,"showImageEffects":true,"showParticleSystems":true},"in2DMode":false,"pivot":{"x":17.569759368896486,"y":-0.7110159993171692,"z":1.6948553323745728},"rotation":{"x":0.0023850048892199995,"y":0.9913013577461243,"z":-0.13041652739048005,"w":0.018144747242331506},"size":16.72220802307129,"orthographic":false}