{"cameraMode":{"drawMode":0,"name":"Shaded","section":"Shading Mode"},"sceneLighting":false,"audioPlay":false,"sceneViewState":{"showFog":true,"showMaterialUpdate":false,"showSkybox":false,"showFlares":true,"showImageEffects":true,"showParticleSystems":true},"in2DMode":false,"pivot":{"x":23.399402618408204,"y":1.5230375528335572,"z":-1.4677526950836182},"rotation":{"x":-0.09791717678308487,"y":0.8739800453186035,"z":-0.19756539165973664,"w":-0.4332358241081238},"size":5.487144947052002,"orthographic":false}