{"cameraMode":{"drawMode":0,"name":"Shaded","section":"Shading Mode"},"sceneLighting":false,"audioPlay":false,"sceneViewState":{"showFog":true,"showMaterialUpdate":false,"showSkybox":false,"showFlares":true,"showImageEffects":true,"showParticleSystems":true},"in2DMode":false,"pivot":{"x":2.546900749206543,"y":2.0435166358947756,"z":-0.1445155143737793},"rotation":{"x":-0.12593793869018556,"y":0.6771319508552551,"z":-0.11923813074827194,"w":-0.7151498794555664},"size":1.5045902729034424,"orthographic":false}