{"cameraMode":{"drawMode":0,"name":"Shaded","section":"Shading Mode"},"sceneLighting":false,"audioPlay":false,"sceneViewState":{"showFog":true,"showMaterialUpdate":false,"showSkybox":false,"showFlares":true,"showImageEffects":true,"showParticleSystems":true},"in2DMode":false,"pivot":{"x":11.5437593460083,"y":1.9112091064453126,"z":19.82171058654785},"rotation":{"x":-0.0986773669719696,"y":0.8158919811248779,"z":-0.1461988240480423,"w":-0.5506652593612671},"size":4.041658401489258,"orthographic":false}