{"cameraMode":{"drawMode":0,"name":"Shaded","section":"Shading Mode"},"sceneLighting":true,"audioPlay":false,"sceneViewState":{"showFog":true,"showMaterialUpdate":false,"showSkybox":true,"showFlares":true,"showImageEffects":true,"showParticleSystems":true},"in2DMode":false,"pivot":{"x":18.570356369018556,"y":7.124701499938965,"z":3.969475269317627},"rotation":{"x":-0.18511199951171876,"y":0.580777645111084,"z":-0.13770577311515809,"w":-0.7806988954544067},"size":3.777022361755371,"orthographic":false}