{"cameraMode":{"drawMode":0,"name":"Shaded","section":"Shading Mode"},"sceneLighting":false,"audioPlay":false,"sceneViewState":{"showFog":true,"showMaterialUpdate":false,"showSkybox":false,"showFlares":true,"showImageEffects":true,"showParticleSystems":true},"in2DMode":false,"pivot":{"x":6.133249282836914,"y":3.911473512649536,"z":5.295474052429199},"rotation":{"x":-0.1226244792342186,"y":0.412717342376709,"z":-0.056240130215883258,"w":-0.9008936882019043},"size":0.01702754758298397,"orthographic":false}