{"cameraMode":{"drawMode":0,"name":"Shaded","section":"Shading Mode"},"sceneLighting":true,"audioPlay":false,"sceneViewState":{"showFog":true,"showMaterialUpdate":false,"showSkybox":true,"showFlares":true,"showImageEffects":true,"showParticleSystems":true},"in2DMode":false,"pivot":{"x":0.7150983810424805,"y":3.0985960960388185,"z":0.4203439950942993},"rotation":{"x":-0.09968273341655731,"y":0.7433559894561768,"z":-0.11372356861829758,"w":-0.6515780687332153},"size":10.0,"orthographic":false}