{"cameraMode":{"drawMode":0,"name":"Shaded","section":"Shading Mode"},"sceneLighting":true,"audioPlay":false,"sceneViewState":{"showFog":true,"showMaterialUpdate":false,"showSkybox":true,"showFlares":true,"showImageEffects":true,"showParticleSystems":true},"in2DMode":false,"pivot":{"x":6.361652851104736,"y":4.178487777709961,"z":2.147634744644165},"rotation":{"x":-0.08212942630052567,"y":0.6580979824066162,"z":-0.07255718857049942,"w":-0.7449148893356323},"size":10.0,"orthographic":false}