{"cameraMode":{"drawMode":0,"name":"Shaded","section":"Shading Mode"},"sceneLighting":true,"audioPlay":false,"sceneViewState":{"showFog":true,"showMaterialUpdate":false,"showSkybox":true,"showFlares":true,"showImageEffects":true,"showParticleSystems":true},"in2DMode":false,"pivot":{"x":0.4923606514930725,"y":3.5031111240386965,"z":32.12440490722656},"rotation":{"x":-0.23799504339694978,"y":0.01367687713354826,"z":-0.00339456251822412,"w":-0.9712335467338562},"size":22.0,"orthographic":false}