{"cameraMode":{"drawMode":0,"name":"Shaded","section":"Shading Mode"},"sceneLighting":false,"audioPlay":false,"sceneViewState":{"showFog":true,"showMaterialUpdate":false,"showSkybox":false,"showFlares":true,"showImageEffects":true,"showParticleSystems":true},"in2DMode":false,"pivot":{"x":23.11372184753418,"y":7.385172367095947,"z":3.7735960483551027},"rotation":{"x":0.03553280234336853,"y":0.8562722206115723,"z":-0.05944444239139557,"w":0.5118812322616577},"size":4.041659832000732,"orthographic":false}