{"cameraMode":{"drawMode":0,"name":"Shaded","section":"Shading Mode"},"sceneLighting":false,"audioPlay":false,"sceneViewState":{"showFog":true,"showMaterialUpdate":false,"showSkybox":false,"showFlares":true,"showImageEffects":true,"showParticleSystems":true},"in2DMode":false,"pivot":{"x":-0.09381365776062012,"y":3.219050645828247,"z":-5.982214450836182},"rotation":{"x":-0.01489363145083189,"y":0.9351751804351807,"z":-0.0395885705947876,"w":-0.35168027877807619},"size":3.6715428829193117,"orthographic":false}